{"critic_loss":1.2283269166946411,"total_reward":-1790.5468095810863,"_timestamp":1.7477135731569118e+09,"_runtime":12.450937031,"_step":21,"_wandb":{"runtime":13},"actor_loss":-0.0006029179494362324}