{"_timestamp":1.7477139517972646e+09,"_runtime":311.191539212,"_step":794,"_wandb":{"runtime":312},"actor_loss":-5.2388904805411585e-05,"critic_loss":4.317456245422363,"total_reward":-1587.977115503533}