{"total_reward":-1361.6566423216677,"_wandb":{"runtime":157},"_timestamp":1.7477141811699712e+09,"_runtime":156.036261651,"_step":398,"actor_loss":121.71815872192383,"critic_loss":2.086408317089081}