{"_runtime":27.513968523,"_wandb":{"runtime":27},"_step":68,"actor_loss":-0.00016713856894057244,"critic_loss":1.3501444458961487,"total_reward":-1425.8084837272932,"_timestamp":1.7477136110981252e+09}