{"total_reward":-1017.4564725393301,"_timestamp":1.74771401581525e+09,"_runtime":57.446049035,"_step":142,"actor_loss":-0.00028064250363968313,"critic_loss":1.2686187326908112,"_wandb":{"runtime":57}}